name,email,password,type
Basmala Mohamed,Basmala.Mohamed@gmail.com,#Basmala Mohamed,doctor
Ahmed Adel,Ahmed.Adel@gmail.com,#Ahmed Adel,doctor
Alaa Abdelnaser,Alaa.Abdelnaser@gmail.com,#Alaa Abdelnaser,doctor
Rahma Atia,Rahma.Atia@gmail.com,#Rahma Atia,doctor
Mohammed Sharkawy,Mohammed.Sharkawy@gmail.com,#Mohammed Sharkawy,doctor
Adel Sayed,Adel.Sayed@gmail.com,#Adel Sayed,doctor
Mostafa Sameh,Mostafa.Sameh@gmail.com,#Mostafa Sameh,doctor
Mohammed Yassin,Mohammed.Yassin@gmail.com,#Mohammed Yassin,doctor
Anas Ahmed,Anas.Ahmed@gmail.com,#Anas Ahmed,doctor
Samaa Ahmed,Samaa.Ahmed@gmail.com,#Samaa Ahmed,doctor
Maha Ebrahim,Maha.Ebrahim@gmail.com,#Maha Ebrahim,doctor
Nader Ahmed,Nader.Ahmed@gmail.com,#Nader Ahmed,doctor
Eman Kamal,Eman.Kamal@gmail.com,#Eman Kamal,doctor
Huda Amr,Huda.Amr@gmail.com,#Huda Amr,doctor
Omar Mahmoud,Omar.Mahmoud@gmail.com,#Omar Mahmoud,doctor

